<?xml version="1.0" encoding="UTF-8"?>
<project-private xmlns="http://www.netbeans.org/ns/project-private/1">
    <editor-bookmarks xmlns="http://www.netbeans.org/ns/editor-bookmarks/2" lastBookmarkId="0"/>
    <open-files xmlns="http://www.netbeans.org/ns/projectui-open-files/2">
        <group>
            <file>file:/F:/Practise/Java_Project/JavaApplication/src/Generated_Stud_ID.java</file>
            <file>file:/F:/Practise/Java_Project/JavaApplication/src/Faculty_ID.java</file>
            <file>file:/F:/Practise/Java_Project/JavaApplication/src/Faculty_ID_Details.java</file>
            <file>file:/F:/Practise/Java_Project/JavaApplication/src/Generated_Faculty_ID.java</file>
            <file>file:/F:/Practise/Java_Project/JavaApplication/src/Stud_ID.java</file>
            <file>file:/F:/Practise/Java_Project/JavaApplication/src/Student_ID_Details.java</file>
            <file>file:/F:/Practise/Java_Project/JavaApplication/src/javaapplication/JavaApplication.java</file>
            <file>file:/F:/Practise/Java_Project/JavaApplication/src/Login.java</file>
        </group>
    </open-files>
</project-private>
